"","LOCATION","TIME","HEALTHEXP","LIFEEXP"
"1","AUS",1971,223.592,71.6
"2","AUS",1972,239.1784,72
"3","AUS",1973,264.0303,72.1
"4","AUS",1974,322.3286,71.9
"5","AUS",1975,401.8512,72.7
"6","AUS",1976,430.061,72.8
"7","AUS",1977,472.8991,73.4
"8","AUS",1978,510.7161,73.7
"9","AUS",1979,554.7626,74.3
"10","AUS",1980,615.7256,74.6
"11","AUS",1981,697.3706,74.9
"12","AUS",1982,731.9027,74.7
"13","AUS",1983,773.4711,75.5
"14","AUS",1984,817.2866,75.8
"15","AUS",1985,881.2391,75.6
"16","AUS",1986,941.1635,76.1
"17","AUS",1987,981.6215,76.3
"18","AUS",1988,1039.8854,76.3
"19","AUS",1989,1091.3294,76.5
"20","AUS",1990,1154.0445,77
"21","AUS",1991,1229.3906,77.4
"22","AUS",1992,1307.222,77.5
"23","AUS",1993,1381.1135,78
"24","AUS",1994,1470.8096,78
"25","AUS",1995,1554.7982,77.9
"26","AUS",1996,1645.0156,78.2
"27","AUS",1997,1730.7444,78.5
"28","AUS",1998,1858.2922,78.7
"29","AUS",1999,1986.4928,79
"30","AUS",2000,2156.808,79.3
"31","AUS",2001,2271.4553,79.7
"32","AUS",2002,2426.4793,80
"33","AUS",2003,2546.2803,80.3
"34","AUS",2004,2745.6316,80.6
"35","AUS",2005,2842.1321,80.9
"36","AUS",2006,3023.0978,81.1
"37","AUS",2007,3196.226,81.4
"38","AUS",2008,3310.1708,81.5
"39","AUS",2009,3564.4049,81.6
"40","AUS",2010,3607.3407,81.8
"41","AUS",2011,3794.0874,82
"42","AUS",2012,3807.6819,82.1
"43","AUS",2013,4176.853,82.2
"44","AUS",2014,4206.8516,82.4
"45","AUS",2015,4420.4364,NA
"46","AUT",1971,201.9619,70.2
"47","AUT",1972,222.2858,70.6
"48","AUT",1973,249.2017,71.1
"49","AUT",1974,295.0659,71.1
"50","AUT",1975,412.0627,71.2
"51","AUT",1976,471.7179,71.7
"52","AUT",1977,521.641,72
"53","AUT",1978,579.8399,72.1
"54","AUT",1979,660.0909,72.4
"55","AUT",1980,742.5189,72.6
"56","AUT",1981,693.6662,72.9
"57","AUT",1982,747.8722,73.1
"58","AUT",1983,779.4923,73.1
"59","AUT",1984,814.0641,73.7
"60","AUT",1985,879.5659,73.9
"61","AUT",1986,933.7634,74.4
"62","AUT",1987,1015.9254,74.9
"63","AUT",1988,1083.2472,75.3
"64","AUT",1989,1189.9067,75.4
"65","AUT",1990,1507.933,75.7
"66","AUT",1991,1608.9806,75.7
"67","AUT",1992,1724.7343,75.9
"68","AUT",1993,1874.6122,76.2
"69","AUT",1994,2041.3374,76.5
"70","AUT",1995,2120.4786,76.8
"71","AUT",1996,2188.0253,77
"72","AUT",1997,2298.8535,77.4
"73","AUT",1998,2452.2438,77.8
"74","AUT",1999,2587.061,78
"75","AUT",2000,2726.4305,78.2
"76","AUT",2001,2772.9361,78.7
"77","AUT",2002,2942.5631,78.8
"78","AUT",2003,3085.9336,78.7
"79","AUT",2004,3260.8522,79.3
"80","AUT",2005,3324.0795,79.4
"81","AUT",2006,3567.6495,80
"82","AUT",2007,3718.739,80.3
"83","AUT",2008,3964.8495,80.5
"84","AUT",2009,4119.7452,80.4
"85","AUT",2010,4236.3164,80.7
"86","AUT",2011,4362.3426,81.1
"87","AUT",2012,4646.4365,81
"88","AUT",2013,4806.3934,81.2
"89","AUT",2014,4895.9992,81.6
"90","AUT",2015,5015.6372,NA
"91","BEL",1971,168.5058,71.2
"92","BEL",1972,191.5558,71.5
"93","BEL",1973,228.2962,71.7
"94","BEL",1974,262.2699,72.1
"95","BEL",1975,352.0285,72.1
"96","BEL",1976,406.3051,72.2
"97","BEL",1977,469.1313,72.9
"98","BEL",1978,531.6262,72.8
"99","BEL",1979,586.8149,73.3
"100","BEL",1980,645.0063,73.3
"101","BEL",1981,750.4773,73.7
"102","BEL",1982,829.7761,74
"103","BEL",1983,886.4823,74
"104","BEL",1984,919.2787,74.5
"105","BEL",1985,971.0915,74.6
"106","BEL",1986,1033.5016,74.8
"107","BEL",1987,1099.8816,75.5
"108","BEL",1988,1188.2074,75.7
"109","BEL",1989,1262.5005,75.7
"110","BEL",1990,1354.4443,76.1
"111","BEL",1991,1481.8642,76.3
"112","BEL",1992,1569.6355,76.5
"113","BEL",1993,1611.0269,76.5
"114","BEL",1994,1648.9681,76.8
"115","BEL",1995,1710.4518,77
"116","BEL",1996,1804.5439,77.3
"117","BEL",1997,1849.8923,77.5
"118","BEL",1998,1920.7638,77.6
"119","BEL",1999,2047.9187,77.7
"120","BEL",2000,2245.8634,77.8
"121","BEL",2001,2366.5965,78.1
"122","BEL",2002,2542.4562,78.2
"123","BEL",2003,2822.6807,78.2
"124","BEL",2004,2913.2791,79
"125","BEL",2005,2985.8089,79.1
"126","BEL",2006,3136.9155,79.5
"127","BEL",2007,3286.2254,79.9
"128","BEL",2008,3542.3542,79.8
"129","BEL",2009,3804.7643,80.1
"130","BEL",2010,3901.9126,80.3
"131","BEL",2011,4132.3109,80.7
"132","BEL",2012,4286.4123,80.5
"133","BEL",2013,4485.4804,80.7
"134","BEL",2014,4522.045,81.4
"135","BEL",2015,4611.2518,NA
"136","CAN",1971,324.0512,72.9
"137","CAN",1972,347.9395,NA
"138","CAN",1973,368.6198,NA
"139","CAN",1974,403.0845,NA
"140","CAN",1975,474.4168,NA
"141","CAN",1976,522.4715,73.9
"142","CAN",1977,565.5264,NA
"143","CAN",1978,620.3476,NA
"144","CAN",1979,678.4152,75.1
"145","CAN",1980,766.2398,75.3
"146","CAN",1981,882.5133,75.5
"147","CAN",1982,993.885,75.9
"148","CAN",1983,1073.7424,76.2
"149","CAN",1984,1149.5639,76.5
"150","CAN",1985,1232.7336,76.5
"151","CAN",1986,1312.9797,76.6
"152","CAN",1987,1372.9816,77
"153","CAN",1988,1464.7584,77
"154","CAN",1989,1570.801,77.3
"155","CAN",1990,1691.9502,77.6
"156","CAN",1991,1828.6897,77.8
"157","CAN",1992,1916.4154,78
"158","CAN",1993,1966.955,NA
"159","CAN",1994,1997.0656,78
"160","CAN",1995,2001.2318,78
"161","CAN",1996,2001.8672,78.2
"162","CAN",1997,2097.9041,78.3
"163","CAN",1998,2245.9346,78.5
"164","CAN",1999,2318.9571,78.8
"165","CAN",2000,2422.0817,79
"166","CAN",2001,2609.2285,79.3
"167","CAN",2002,2742.4513,79.5
"168","CAN",2003,2913.6997,79.7
"169","CAN",2004,3076.0005,79.9
"170","CAN",2005,3282.4541,80.1
"171","CAN",2006,3505.0061,80.4
"172","CAN",2007,3675.4766,80.5
"173","CAN",2008,3822.6386,80.7
"174","CAN",2009,4108.7578,80.9
"175","CAN",2010,4242.3395,81.2
"176","CAN",2011,4263.4169,81.5
"177","CAN",2012,4319.9434,NA
"178","CAN",2013,4502.7427,NA
"179","CAN",2014,4491.7648,NA
"180","CAN",2015,4608.4522,NA
"181","CHE",1971,392.4962,73.3
"182","CHE",1972,416.6092,73.8
"183","CHE",1973,455.9513,74.1
"184","CHE",1974,535.5791,74.4
"185","CHE",1975,618.5619,74.8
"186","CHE",1976,669.7635,74.9
"187","CHE",1977,730.4875,75.4
"188","CHE",1978,786.1328,75.4
"189","CHE",1979,882.7052,75.7
"190","CHE",1980,1007.6518,75.7
"191","CHE",1981,1123.2798,75.9
"192","CHE",1982,1194.4246,76.2
"193","CHE",1983,1310.4866,76.2
"194","CHE",1984,1346.3352,76.9
"195","CHE",1985,1434.7317,77
"196","CHE",1986,1519.943,77.1
"197","CHE",1987,1618.5075,77.5
"198","CHE",1988,1728.7078,77.5
"199","CHE",1989,1864.637,77.7
"200","CHE",1990,1968.0406,77.5
"201","CHE",1991,2152.7988,77.8
"202","CHE",1992,2277.882,78
"203","CHE",1993,2329.2126,78.4
"204","CHE",1994,2411.0169,78.6
"205","CHE",1995,2561.8827,78.7
"206","CHE",1996,2729.1252,79.1
"207","CHE",1997,2840.3597,79.3
"208","CHE",1998,2977.7701,79.6
"209","CHE",1999,3073.2264,79.8
"210","CHE",2000,3221.7795,79.9
"211","CHE",2001,3429.1233,80.4
"212","CHE",2002,3672.9233,80.6
"213","CHE",2003,3785.126,80.6
"214","CHE",2004,3935.8776,81.2
"215","CHE",2005,4015.3331,81.4
"216","CHE",2006,4251.3673,81.7
"217","CHE",2007,4567.3285,82
"218","CHE",2008,4933.1,82.2
"219","CHE",2009,5183.952,82.3
"220","CHE",2010,5371.4504,82.6
"221","CHE",2011,5787.6672,82.8
"222","CHE",2012,6288.6475,82.8
"223","CHE",2013,6635.2769,82.9
"224","CHE",2014,6786.5657,83.3
"225","CHE",2015,6934.6782,NA
"226","CHL",1990,NA,72.9
"227","CHL",1991,NA,74
"228","CHL",1992,NA,74.5
"229","CHL",1993,NA,74.5
"230","CHL",1994,NA,75
"231","CHL",1995,386.4554,74.8
"232","CHL",1996,457.4692,75.2
"233","CHL",1997,502.2545,75.7
"234","CHL",1998,562.7385,75.8
"235","CHL",1999,575.2054,76
"236","CHL",2000,610.4082,76.8
"237","CHL",2001,648.7998,76.8
"238","CHL",2002,668.9071,77.2
"239","CHL",2003,783.3854,77.2
"240","CHL",2004,803.8802,77.2
"241","CHL",2005,837.7758,77.6
"242","CHL",2006,936.2072,78
"243","CHL",2007,1031.0343,77.5
"244","CHL",2008,1097.2873,78.1
"245","CHL",2009,1150.0554,78.2
"246","CHL",2010,1219.6509,78
"247","CHL",2011,1358.1965,78.7
"248","CHL",2012,1485.319,78.7
"249","CHL",2013,1558.4465,78.8
"250","CHL",2014,1688.5233,79
"251","CHL",2015,1728.2484,NA
"252","CZE",1971,NA,69.8
"253","CZE",1972,NA,70.3
"254","CZE",1973,NA,70.2
"255","CZE",1974,NA,70.2
"256","CZE",1975,NA,70.6
"257","CZE",1976,NA,70.7
"258","CZE",1977,NA,70.8
"259","CZE",1978,NA,70.9
"260","CZE",1979,NA,70.9
"261","CZE",1980,NA,70.5
"262","CZE",1981,NA,70.8
"263","CZE",1982,NA,70.9
"264","CZE",1983,NA,70.8
"265","CZE",1984,NA,71
"266","CZE",1985,NA,71.2
"267","CZE",1986,NA,71.1
"268","CZE",1987,NA,71.6
"269","CZE",1988,NA,71.8
"270","CZE",1989,NA,71.9
"271","CZE",1990,476.9631,71.6
"272","CZE",1991,452.5691,72
"273","CZE",1992,474.7148,72.5
"274","CZE",1993,650.6677,72.9
"275","CZE",1994,704.2931,73.2
"276","CZE",1995,795.1116,73.3
"277","CZE",1996,827.8918,74
"278","CZE",1997,841.0002,74.1
"279","CZE",1998,842.7366,74.7
"280","CZE",1999,893.9575,74.9
"281","CZE",2000,933.6127,75.1
"282","CZE",2001,1041.4699,75.3
"283","CZE",2002,1138.5076,75.4
"284","CZE",2003,1289.5129,75.3
"285","CZE",2004,1342.0659,75.8
"286","CZE",2005,1425.1388,76.1
"287","CZE",2006,1514.1975,76.7
"288","CZE",2007,1608.5877,77
"289","CZE",2008,1727.9885,77.3
"290","CZE",2009,1974.0369,77.4
"291","CZE",2010,1879.5815,77.7
"292","CZE",2011,2001.2635,78
"293","CZE",2012,2028.2657,78.2
"294","CZE",2013,2330.4702,78.3
"295","CZE",2014,2386.3385,78.9
"296","CZE",2015,2463.6704,NA
"297","DEU",1971,302.1459,70.8
"298","DEU",1972,343.7003,71
"299","DEU",1973,396.4314,71.3
"300","DEU",1974,468.7214,71.5
"301","DEU",1975,555.566,71.4
"302","DEU",1976,619.4491,71.8
"303","DEU",1977,675.8422,72.5
"304","DEU",1978,752.8158,72.4
"305","DEU",1979,832.6286,72.8
"306","DEU",1980,941.1213,72.9
"307","DEU",1981,1070.3393,73.2
"308","DEU",1982,1110.4089,73.5
"309","DEU",1983,1175.1552,73.8
"310","DEU",1984,1274.0643,74.3
"311","DEU",1985,1372.0026,74.4
"312","DEU",1986,1412.8683,74.6
"313","DEU",1987,1484.8339,75
"314","DEU",1988,1620.0093,75.2
"315","DEU",1989,1609.1452,75.4
"316","DEU",1990,1721.5143,75.3
"317","DEU",1991,NA,75.5
"318","DEU",1992,1907.9949,76
"319","DEU",1993,1915.2877,76.1
"320","DEU",1994,2049.6612,76.4
"321","DEU",1995,2185.1405,76.6
"322","DEU",1996,2312.0275,76.9
"323","DEU",1997,2335.1543,77.3
"324","DEU",1998,2405.8643,77.7
"325","DEU",1999,2512.7486,77.9
"326","DEU",2000,2612.5703,78.2
"327","DEU",2001,2730.1828,78.5
"328","DEU",2002,2869.9629,78.5
"329","DEU",2003,3033.0953,78.6
"330","DEU",2004,3099.7712,79.2
"331","DEU",2005,3297.0591,79.4
"332","DEU",2006,3502.6909,79.8
"333","DEU",2007,3660.9349,80.1
"334","DEU",2008,3901.418,80.2
"335","DEU",2009,4130.7969,80.3
"336","DEU",2010,4358.6128,80.5
"337","DEU",2011,4510.1751,80.8
"338","DEU",2012,4694.681,81
"339","DEU",2013,4921.8139,80.9
"340","DEU",2014,5119.2146,81.2
"341","DEU",2015,5267.1379,NA
"342","DNK",1971,364.5805,73.3
"343","DNK",1972,397.7483,73.4
"344","DNK",1973,421.208,73.6
"345","DNK",1974,494.7508,74
"346","DNK",1975,547.0066,74.2
"347","DNK",1976,602.9201,73.9
"348","DNK",1977,635.8864,74.9
"349","DNK",1978,703.1093,74.6
"350","DNK",1979,797.9974,74.4
"351","DNK",1980,861.222,74.3
"352","DNK",1981,955.3799,74.4
"353","DNK",1982,1059.2843,74.7
"354","DNK",1983,1103.22,74.6
"355","DNK",1984,1127.0169,74.8
"356","DNK",1985,1205.5467,74.6
"357","DNK",1986,1249.5682,74.8
"358","DNK",1987,1335.6857,74.9
"359","DNK",1988,1405.2498,75
"360","DNK",1989,1445.2483,75
"361","DNK",1990,1510.6198,74.9
"362","DNK",1991,1559.0867,75.3
"363","DNK",1992,1623.3337,75.3
"364","DNK",1993,1724.5152,75.2
"365","DNK",1994,1802.2229,75.5
"366","DNK",1995,1814.5633,75.3
"367","DNK",1996,1916.8516,75.7
"368","DNK",1997,1990.2833,76.1
"369","DNK",1998,2009.4111,76.5
"370","DNK",1999,2297.6172,76.6
"371","DNK",2000,2395.5167,76.9
"372","DNK",2001,2555.382,77
"373","DNK",2002,2749.7927,77.1
"374","DNK",2003,2784.0652,77.4
"375","DNK",2004,2986.9486,77.8
"376","DNK",2005,3096.9831,78.3
"377","DNK",2006,3406.8102,78.4
"378","DNK",2007,3605.2153,78.4
"379","DNK",2008,3892.7375,78.8
"380","DNK",2009,4247.8819,79
"381","DNK",2010,4370.3331,79.3
"382","DNK",2011,4430.6885,79.9
"383","DNK",2012,4544.8568,80.1
"384","DNK",2013,4708.1321,80.4
"385","DNK",2014,4857.0285,80.8
"386","DNK",2015,4942.8001,NA
"387","ESP",1971,109.7235,NA
"388","ESP",1972,129.4614,NA
"389","ESP",1973,142.6334,NA
"390","ESP",1974,177.0384,NA
"391","ESP",1975,200.2777,73.3
"392","ESP",1976,240.2397,73.7
"393","ESP",1977,273.0869,74.2
"394","ESP",1978,294.7268,74.5
"395","ESP",1979,313.0721,75
"396","ESP",1980,351.2603,75.4
"397","ESP",1981,390.9626,75.7
"398","ESP",1982,425.6855,76.3
"399","ESP",1983,461.2502,76.1
"400","ESP",1984,467.168,76.5
"401","ESP",1985,480.4681,76.4
"402","ESP",1986,500.6476,76.7
"403","ESP",1987,548.0774,76.9
"404","ESP",1988,661.5783,76.9
"405","ESP",1989,734.8665,77
"406","ESP",1990,835.3369,77
"407","ESP",1991,910.1406,77.2
"408","ESP",1992,992.3218,77.6
"409","ESP",1993,1048.008,77.8
"410","ESP",1994,1081.2951,78.1
"411","ESP",1995,1157.1153,78.1
"412","ESP",1996,1215.5878,78.3
"413","ESP",1997,1263.021,78.8
"414","ESP",1998,1340.5293,78.9
"415","ESP",1999,1406.4495,78.9
"416","ESP",2000,1490.642,79.4
"417","ESP",2001,1574.9689,79.8
"418","ESP",2002,1677.5396,79.9
"419","ESP",2003,1907.9302,79.7
"420","ESP",2004,2014.3386,80.4
"421","ESP",2005,2139.3333,80.3
"422","ESP",2006,2393.3068,81.1
"423","ESP",2007,2570.706,81.2
"424","ESP",2008,2795.8694,81.5
"425","ESP",2009,2944.6196,81.9
"426","ESP",2010,2917.9495,82.4
"427","ESP",2011,2956.7857,82.6
"428","ESP",2012,2929.3567,82.5
"429","ESP",2013,2952.175,83.2
"430","ESP",2014,3053.0745,83.3
"431","ESP",2015,3152.9869,NA
"432","EST",1971,NA,70.3
"433","EST",1972,NA,70.1
"434","EST",1973,NA,70.4
"435","EST",1974,NA,70.5
"436","EST",1975,NA,69.9
"437","EST",1976,NA,69.5
"438","EST",1977,NA,69.6
"439","EST",1978,NA,69.4
"440","EST",1979,NA,69.2
"441","EST",1980,NA,69.3
"442","EST",1981,NA,69.1
"443","EST",1982,NA,69.7
"444","EST",1983,NA,69.6
"445","EST",1984,NA,69.5
"446","EST",1985,NA,69.6
"447","EST",1986,NA,70.7
"448","EST",1987,NA,70.7
"449","EST",1988,NA,70.8
"450","EST",1989,NA,70.3
"451","EST",1990,NA,69.8
"452","EST",1991,NA,69.7
"453","EST",1992,NA,69.1
"454","EST",1993,NA,68.2
"455","EST",1994,NA,66.8
"456","EST",1995,NA,67.9
"457","EST",1996,NA,69.9
"458","EST",1997,NA,70.1
"459","EST",1998,NA,69.7
"460","EST",1999,497.1219,70.6
"461","EST",2000,501.3152,71
"462","EST",2001,505.0559,70.9
"463","EST",2002,558.7273,71.4
"464","EST",2003,646.7045,71.8
"465","EST",2004,746.8322,72.4
"466","EST",2005,820.7244,72.9
"467","EST",2006,949.1905,73.1
"468","EST",2007,1098.0087,73.2
"469","EST",2008,1284.4079,74.2
"470","EST",2009,1319.5699,75.2
"471","EST",2010,1334.1851,75.9
"472","EST",2011,1392.1765,76.4
"473","EST",2012,1502.9345,76.5
"474","EST",2013,1623.1936,77.3
"475","EST",2014,1724.51,77.2
"476","EST",2015,1824.4642,NA
"477","FIN",1971,190.1923,70.1
"478","FIN",1972,216.3275,70.7
"479","FIN",1973,235.8708,71.2
"480","FIN",1974,260.8435,71.2
"481","FIN",1975,315.7781,71.7
"482","FIN",1976,353.2043,72
"483","FIN",1977,387.709,72.4
"484","FIN",1978,421.6848,73
"485","FIN",1979,476.0903,73.2
"486","FIN",1980,538.641,73.6
"487","FIN",1981,606.4913,73.9
"488","FIN",1982,670.5173,74.6
"489","FIN",1983,724.6794,74.4
"490","FIN",1984,775.8805,74.8
"491","FIN",1985,877.3167,74.5
"492","FIN",1986,930.1548,74.8
"493","FIN",1987,1005.4197,74.8
"494","FIN",1988,1061.1596,74.8
"495","FIN",1989,1161.1685,75
"496","FIN",1990,1297.9226,75
"497","FIN",1991,1439.3798,75.5
"498","FIN",1992,1449.2851,75.7
"499","FIN",1993,1347.9213,75.8
"500","FIN",1994,1325.3603,76.6
"501","FIN",1995,1418.182,76.6
"502","FIN",1996,1481.5893,76.9
"503","FIN",1997,1538.6158,77.1
"504","FIN",1998,1587.6046,77.3
"505","FIN",1999,1665.5525,77.5
"506","FIN",2000,1816.4327,77.7
"507","FIN",2001,1930.9554,78.2
"508","FIN",2002,2100.2576,78.3
"509","FIN",2003,2219.4643,78.5
"510","FIN",2004,2432.1462,79
"511","FIN",2005,2571.3738,79.1
"512","FIN",2006,2768.6527,79.5
"513","FIN",2007,2941.9571,79.6
"514","FIN",2008,3218.1337,79.9
"515","FIN",2009,3336.3316,80.1
"516","FIN",2010,3403.1108,80.2
"517","FIN",2011,3605.807,80.6
"518","FIN",2012,3758.9973,80.7
"519","FIN",2013,3890.7877,81.1
"520","FIN",2014,3870.4,81.3
"521","FIN",2015,3983.5431,NA
"522","FRA",1971,NA,72.1
"523","FRA",1972,NA,72.4
"524","FRA",1973,NA,72.5
"525","FRA",1974,NA,72.8
"526","FRA",1975,362.5645,73
"527","FRA",1976,NA,73.2
"528","FRA",1977,NA,73.8
"529","FRA",1978,NA,73.9
"530","FRA",1979,NA,74.2
"531","FRA",1980,649.5386,74.3
"532","FRA",1981,NA,74.5
"533","FRA",1982,NA,74.8
"534","FRA",1983,NA,74.8
"535","FRA",1984,NA,75.3
"536","FRA",1985,1004.0484,75.4
"537","FRA",1986,NA,75.6
"538","FRA",1987,NA,76.2
"539","FRA",1988,NA,76.4
"540","FRA",1989,NA,76.6
"541","FRA",1990,1401.3391,76.9
"542","FRA",1991,1496.4002,77
"543","FRA",1992,1589.4552,77.3
"544","FRA",1993,1688.2812,77.4
"545","FRA",1994,1755.1099,77.7
"546","FRA",1995,2037.6149,77.9
"547","FRA",1996,2097.941,78.1
"548","FRA",1997,2162.0783,78.4
"549","FRA",1998,2246.3048,78.7
"550","FRA",1999,2336.1787,78.9
"551","FRA",2000,2484.1715,79.2
"552","FRA",2001,2657.6867,79.3
"553","FRA",2002,2852.5993,79.4
"554","FRA",2003,2828.4727,79.2
"555","FRA",2004,2946.9832,80.3
"556","FRA",2005,3100.9237,80.3
"557","FRA",2006,3253.9671,80.9
"558","FRA",2007,3407.1091,81.2
"559","FRA",2008,3562.5456,81.3
"560","FRA",2009,3774.2044,81.5
"561","FRA",2010,3859.5252,81.8
"562","FRA",2011,4010.3139,82.2
"563","FRA",2012,4062.9108,82.1
"564","FRA",2013,4292.1762,82.3
"565","FRA",2014,4366.9864,82.8
"566","FRA",2015,4407.2035,NA
"567","GBR",1971,162.0258,71.9
"568","GBR",1972,178.6712,NA
"569","GBR",1973,196.9693,NA
"570","GBR",1974,241.7809,NA
"571","GBR",1975,276.1247,NA
"572","GBR",1976,301.1445,NA
"573","GBR",1977,321.4011,NA
"574","GBR",1978,354.6131,NA
"575","GBR",1979,392.8186,NA
"576","GBR",1980,446.9553,73.2
"577","GBR",1981,505.5757,73.8
"578","GBR",1982,531.47,74.1
"579","GBR",1983,597.8042,74.3
"580","GBR",1984,622.0385,74.5
"581","GBR",1985,654.4169,74.7
"582","GBR",1986,685.1712,74.8
"583","GBR",1987,747.8186,75.2
"584","GBR",1988,803.8776,75.3
"585","GBR",1989,845.3638,75.4
"586","GBR",1990,887.939,75.7
"587","GBR",1991,973.4494,75.9
"588","GBR",1992,1078.9976,76.3
"589","GBR",1993,1144.029,76.2
"590","GBR",1994,1227.6224,76.8
"591","GBR",1995,1273.7345,76.7
"592","GBR",1996,1351.1875,76.9
"593","GBR",1997,1398.7175,77.2
"594","GBR",1998,1470.5883,77.3
"595","GBR",1999,1573.5414,77.5
"596","GBR",2000,1718.608,77.9
"597","GBR",2001,1901.332,78.2
"598","GBR",2002,2060.468,78.3
"599","GBR",2003,2211.542,78.4
"600","GBR",2004,2412.166,79
"601","GBR",2005,2568.468,79.2
"602","GBR",2006,2784.489,79.5
"603","GBR",2007,2862.43,79.7
"604","GBR",2008,2971.154,79.8
"605","GBR",2009,3150.239,80.4
"606","GBR",2010,3036.12,80.6
"607","GBR",2011,3087.306,81
"608","GBR",2012,3191.936,81
"609","GBR",2013,3881.09,81.1
"610","GBR",2014,3971.394,81.4
"611","GBR",2015,4003.0024,NA
"612","GRC",1971,NA,74.2
"613","GRC",1972,NA,73.8
"614","GRC",1973,NA,74.1
"615","GRC",1974,NA,74.6
"616","GRC",1975,NA,74.5
"617","GRC",1976,NA,74.5
"618","GRC",1977,NA,74.7
"619","GRC",1978,NA,75.2
"620","GRC",1979,NA,75.5
"621","GRC",1980,NA,75.3
"622","GRC",1981,NA,75.7
"623","GRC",1982,NA,75.9
"624","GRC",1983,NA,75.7
"625","GRC",1984,NA,76.2
"626","GRC",1985,NA,76
"627","GRC",1986,NA,76.5
"628","GRC",1987,NA,76.3
"629","GRC",1988,660.1681,76.8
"630","GRC",1989,776.5848,77
"631","GRC",1990,804.2656,77.1
"632","GRC",1991,826.0974,77.3
"633","GRC",1992,923.8069,77.2
"634","GRC",1993,1038.1708,77.6
"635","GRC",1994,1180.6036,77.8
"636","GRC",1995,1224.2709,77.8
"637","GRC",1996,1263.2468,78
"638","GRC",1997,1312.5507,78.4
"639","GRC",1998,1336.0581,78.4
"640","GRC",1999,1417.803,78.5
"641","GRC",2000,1396.9074,78.6
"642","GRC",2001,1669.485,79.1
"643","GRC",2002,1870.597,79.2
"644","GRC",2003,1951.7097,79.3
"645","GRC",2004,2016.8191,79.4
"646","GRC",2005,2284.7933,79.7
"647","GRC",2006,2534.7392,79.9
"648","GRC",2007,2655.2171,79.7
"649","GRC",2008,3040.9909,80.3
"650","GRC",2009,2990.8342,80.4
"651","GRC",2010,2855.3382,80.7
"652","GRC",2011,2520.6318,80.8
"653","GRC",2012,2324.2907,80.7
"654","GRC",2013,2339.7827,81.4
"655","GRC",2014,2220.1065,81.5
"656","GRC",2015,2245.3746,NA
"657","HUN",1971,NA,69.1
"658","HUN",1972,NA,69.8
"659","HUN",1973,NA,69.6
"660","HUN",1974,NA,69.3
"661","HUN",1975,NA,69.4
"662","HUN",1976,NA,69.7
"663","HUN",1977,NA,70
"664","HUN",1978,NA,69.5
"665","HUN",1979,NA,69.7
"666","HUN",1980,NA,69.2
"667","HUN",1981,NA,69.3
"668","HUN",1982,NA,69.5
"669","HUN",1983,NA,69.1
"670","HUN",1984,NA,69.2
"671","HUN",1985,NA,69.2
"672","HUN",1986,NA,69.3
"673","HUN",1987,NA,69.8
"674","HUN",1988,NA,70.2
"675","HUN",1989,NA,69.6
"676","HUN",1990,NA,69.5
"677","HUN",1991,527.1463,69.6
"678","HUN",1992,563.0027,69.4
"679","HUN",1993,579.1982,69.4
"680","HUN",1994,651.6828,69.8
"681","HUN",1995,615.7181,70.1
"682","HUN",1996,626.6279,70.7
"683","HUN",1997,635.5987,71.1
"684","HUN",1998,720.3452,71.1
"685","HUN",1999,774.2847,71.2
"686","HUN",2000,819.9948,71.9
"687","HUN",2001,933.1557,72.5
"688","HUN",2002,1063.7962,72.5
"689","HUN",2003,1274.4898,72.6
"690","HUN",2004,1283.0384,73
"691","HUN",2005,1390.8337,73
"692","HUN",2006,1463.2271,73.5
"693","HUN",2007,1404.1231,73.6
"694","HUN",2008,1486.7085,74.2
"695","HUN",2009,1521.631,74.4
"696","HUN",2010,1632.9071,74.7
"697","HUN",2011,1715.3205,75
"698","HUN",2012,1703.9905,75.2
"699","HUN",2013,1755.5419,75.7
"700","HUN",2014,1796.6034,75.9
"701","HUN",2015,1845.3673,NA
"702","IRL",1971,149.6294,NA
"703","IRL",1972,165.6653,NA
"704","IRL",1973,184.1551,NA
"705","IRL",1974,222.4788,NA
"706","IRL",1975,256.0463,NA
"707","IRL",1976,263.3362,NA
"708","IRL",1977,284.5484,NA
"709","IRL",1978,338.8649,71.5
"710","IRL",1979,392.5665,72.3
"711","IRL",1980,481.1329,72.9
"712","IRL",1981,508.173,72.9
"713","IRL",1982,535.7402,72.9
"714","IRL",1983,553.5759,NA
"715","IRL",1984,581.0002,NA
"716","IRL",1985,618.6488,73.4
"717","IRL",1986,619.5862,73.6
"718","IRL",1987,635.8245,74.5
"719","IRL",1988,661.7991,74.5
"720","IRL",1989,685.567,74.5
"721","IRL",1990,750.5787,74.9
"722","IRL",1991,849.226,75.1
"723","IRL",1992,929.9279,75.5
"724","IRL",1993,980.4917,75.3
"725","IRL",1994,1037.9826,75.9
"726","IRL",1995,1124.7885,75.6
"727","IRL",1996,1183.9985,75.9
"728","IRL",1997,1291.4988,76.1
"729","IRL",1998,1381.3734,76.3
"730","IRL",1999,1483.2093,76.2
"731","IRL",2000,1749.0146,76.6
"732","IRL",2001,2034.3981,77.2
"733","IRL",2002,2298.9631,77.7
"734","IRL",2003,2520.871,78.2
"735","IRL",2004,2755.4185,78.6
"736","IRL",2005,3097.1122,79
"737","IRL",2006,3304.4115,79.3
"738","IRL",2007,3649.2954,79.7
"739","IRL",2008,4000.7079,80.2
"740","IRL",2009,4407.799,80.3
"741","IRL",2010,4585.4044,80.8
"742","IRL",2011,4514.9774,80.8
"743","IRL",2012,4658.284,81
"744","IRL",2013,4980.3999,81.1
"745","IRL",2014,5001.322,81.4
"746","IRL",2015,5130.6825,NA
"747","ISL",1971,227.8839,73.7
"748","ISL",1972,243.8671,74.5
"749","ISL",1973,247.8772,74.6
"750","ISL",1974,321.6482,74.6
"751","ISL",1975,377.2202,75.7
"752","ISL",1976,391.7099,77.1
"753","ISL",1977,444.8947,76.5
"754","ISL",1978,538.854,76.7
"755","ISL",1979,684.5931,NA
"756","ISL",1980,723.158,77
"757","ISL",1981,832.769,76.6
"758","ISL",1982,933.9135,77.1
"759","ISL",1983,1027.8413,77
"760","ISL",1984,1033.6359,77.7
"761","ISL",1985,1132.1416,77.7
"762","ISL",1986,1300.3055,78.1
"763","ISL",1987,1466.4293,77.4
"764","ISL",1988,1610.2986,77.2
"765","ISL",1989,1619.7326,78.2
"766","ISL",1990,1610.2953,78.1
"767","ISL",1991,1680.0298,78.1
"768","ISL",1992,1683.0547,78.8
"769","ISL",1993,1747.6494,79
"770","ISL",1994,1792.7196,79.3
"771","ISL",1995,1851.5667,78.1
"772","ISL",1996,1935.7508,78.9
"773","ISL",1997,2061.6143,79
"774","ISL",1998,2410.4274,79.7
"775","ISL",1999,2601.1358,79.4
"776","ISL",2000,2672.9878,79.7
"777","ISL",2001,2783.3467,80.8
"778","ISL",2002,3078.4478,80.6
"779","ISL",2003,3198.3977,81
"780","ISL",2004,3339.1786,81.1
"781","ISL",2005,3294.4734,81.6
"782","ISL",2006,3276.3176,81.2
"783","ISL",2007,3375.6701,81.5
"784","ISL",2008,3628.0346,81.7
"785","ISL",2009,3624.4513,81.8
"786","ISL",2010,3405.9865,82
"787","ISL",2011,3420.6305,82.4
"788","ISL",2012,3506.4164,83
"789","ISL",2013,3739.4503,82.1
"790","ISL",2014,3896.9251,82.9
"791","ISL",2015,4011.9968,NA
"792","ISR",1971,NA,71.8
"793","ISR",1972,NA,71.5
"794","ISR",1973,NA,71.7
"795","ISR",1974,NA,71.7
"796","ISR",1975,NA,72.1
"797","ISR",1976,NA,73
"798","ISR",1977,356.214,73
"799","ISR",1978,432.6298,73.3
"800","ISR",1979,526.2098,73.6
"801","ISR",1980,577.344,73.9
"802","ISR",1981,632.9434,74.3
"803","ISR",1982,679.4635,74.2
"804","ISR",1983,764.464,74.5
"805","ISR",1984,954.6426,74.9
"806","ISR",1985,750.0785,75.3
"807","ISR",1986,731.1385,75
"808","ISR",1987,802.83,75.3
"809","ISR",1988,873.6201,75.7
"810","ISR",1989,963.2694,76.4
"811","ISR",1990,977.2241,76.7
"812","ISR",1991,976.8055,76.8
"813","ISR",1992,1083.5857,76.6
"814","ISR",1993,1154.4308,77.2
"815","ISR",1994,1322.5405,77.5
"816","ISR",1995,1364.8885,77.5
"817","ISR",1996,1454.7886,78.2
"818","ISR",1997,1530.6489,78.1
"819","ISR",1998,1561.5433,78.2
"820","ISR",1999,1533.3425,78.5
"821","ISR",2000,1694.5716,78.8
"822","ISR",2001,1803.6441,79.3
"823","ISR",2002,1802.9913,79.5
"824","ISR",2003,1689.7749,79.7
"825","ISR",2004,1774.8252,80.2
"826","ISR",2005,1768.9521,80.2
"827","ISR",2006,1783.7368,80.6
"828","ISR",2007,1899.5578,80.6
"829","ISR",2008,1917.6632,81
"830","ISR",2009,1942.783,81.5
"831","ISR",2010,2025.5808,81.7
"832","ISR",2011,2139.2641,81.7
"833","ISR",2012,2273.3898,81.8
"834","ISR",2013,2473.2848,82.1
"835","ISR",2014,2547.401,82.2
"836","ISR",2015,2532.5132,NA
"837","ITA",1971,NA,72
"838","ITA",1974,NA,72.6
"839","ITA",1975,NA,72.7
"840","ITA",1976,NA,72.8
"841","ITA",1977,NA,73.4
"842","ITA",1978,NA,73.8
"843","ITA",1979,NA,74.1
"844","ITA",1980,NA,74
"845","ITA",1981,NA,74.3
"846","ITA",1982,NA,74.7
"847","ITA",1983,NA,74.8
"848","ITA",1984,NA,75
"849","ITA",1985,NA,75.6
"850","ITA",1986,NA,75.9
"851","ITA",1987,NA,76.3
"852","ITA",1988,1074.6384,76.5
"853","ITA",1989,1151.0907,76.9
"854","ITA",1990,1281.8826,77.1
"855","ITA",1991,1388.9875,77.1
"856","ITA",1992,1405.525,77.5
"857","ITA",1993,1419.7029,77.8
"858","ITA",1994,1448.6155,78
"859","ITA",1995,1507.7006,78.3
"860","ITA",1996,1576.9319,78.6
"861","ITA",1997,1692.9319,78.9
"862","ITA",1998,1792.3389,79.1
"863","ITA",1999,1845.6069,79.5
"864","ITA",2000,2019.4276,79.9
"865","ITA",2001,2194.4551,80.2
"866","ITA",2002,2202.0358,80.3
"867","ITA",2003,2235.811,80.1
"868","ITA",2004,2355.7084,80.9
"869","ITA",2005,2479.3278,80.9
"870","ITA",2006,2703.1626,81.4
"871","ITA",2007,2751.8517,81.5
"872","ITA",2008,3011.2728,81.6
"873","ITA",2009,3064.7996,81.7
"874","ITA",2010,3108.2039,82.1
"875","ITA",2011,3169.0494,82.3
"876","ITA",2012,3174.261,82.3
"877","ITA",2013,3141.8651,82.8
"878","ITA",2014,3206.8286,83.2
"879","ITA",2015,3272.2533,NA
"880","JPN",1971,157.0962,72.9
"881","JPN",1972,179.3623,73.2
"882","JPN",1973,196.173,73.4
"883","JPN",1974,228.7534,73.7
"884","JPN",1975,281.4097,74.3
"885","JPN",1976,305.5513,74.8
"886","JPN",1977,343.9546,75.3
"887","JPN",1978,397.0256,75.7
"888","JPN",1979,459.1314,76.2
"889","JPN",1980,544.6309,76.1
"890","JPN",1981,622.7155,76.5
"891","JPN",1982,695.7236,76.9
"892","JPN",1983,751.8829,77
"893","JPN",1984,783.9361,77.4
"894","JPN",1985,863.347,77.6
"895","JPN",1986,894.6269,78.1
"896","JPN",1987,952.0212,78.5
"897","JPN",1988,1004.3207,78.4
"898","JPN",1989,1051.3848,78.8
"899","JPN",1990,1116.7064,78.9
"900","JPN",1991,1195.9912,79.1
"901","JPN",1992,1283.3253,79.2
"902","JPN",1993,1371.3138,79.4
"903","JPN",1994,1469.0998,79.8
"904","JPN",1995,1469.5138,79.6
"905","JPN",1996,1501.2085,80.3
"906","JPN",1997,1607.6141,80.5
"907","JPN",1998,1656.82,80.6
"908","JPN",1999,1765.9755,80.5
"909","JPN",2000,1914.8514,81.2
"910","JPN",2001,2019.8249,81.5
"911","JPN",2002,2104.6727,81.8
"912","JPN",2003,2198.8429,81.8
"913","JPN",2004,2327.8175,82.1
"914","JPN",2005,2463.7249,82
"915","JPN",2006,2580.1459,82.4
"916","JPN",2007,2723.8322,82.6
"917","JPN",2008,2852.8629,82.7
"918","JPN",2009,2998.5676,83
"919","JPN",2010,3204.9489,82.9
"920","JPN",2011,3799.1178,82.7
"921","JPN",2012,4016.7772,83.2
"922","JPN",2013,4151.7546,83.4
"923","JPN",2014,4152.3727,83.7
"924","JPN",2015,4149.765,NA
"925","KOR",1971,16.0407,62.5
"926","KOR",1972,16.0358,62.9
"927","KOR",1973,16.3623,63.3
"928","KOR",1974,16.6344,63.7
"929","KOR",1975,28.8199,64.1
"930","KOR",1976,34.0852,64.4
"931","KOR",1977,37.9691,64.7
"932","KOR",1978,48.0566,65.1
"933","KOR",1979,72.2968,65.4
"934","KOR",1980,83.6991,65.9
"935","KOR",1981,100.321,66.4
"936","KOR",1982,112.2503,66.9
"937","KOR",1983,126.2749,67.3
"938","KOR",1984,135.5984,68
"939","KOR",1985,151.0003,68.6
"940","KOR",1986,163.2956,69.3
"941","KOR",1987,181.6437,69.9
"942","KOR",1988,217.35,70.4
"943","KOR",1989,274.2709,71
"944","KOR",1990,304.9462,71.4
"945","KOR",1991,329.3832,71.8
"946","KOR",1992,366.4309,72.3
"947","KOR",1993,387.3435,72.8
"948","KOR",1994,407.2591,73.1
"949","KOR",1995,457.9495,73.5
"950","KOR",1996,523.5899,73.9
"951","KOR",1997,556.243,74.3
"952","KOR",1998,547.8676,74.8
"953","KOR",1999,647.5179,75.5
"954","KOR",2000,724.0871,75.9
"955","KOR",2001,862.3864,76.4
"956","KOR",2002,904.2233,76.9
"957","KOR",2003,997.689,77.3
"958","KOR",2004,1081.4534,77.9
"959","KOR",2005,1220.0809,78.5
"960","KOR",2006,1406.6213,79.1
"961","KOR",2007,1566.6353,79.4
"962","KOR",2008,1662.9686,79.9
"963","KOR",2009,1791.2895,80.4
"964","KOR",2010,1951.3258,80.6
"965","KOR",2011,2029.6636,81
"966","KOR",2012,2131.9334,81.3
"967","KOR",2013,2224.6293,81.8
"968","KOR",2014,2361.44,82.2
"969","KOR",2015,2487.9385,NA
"970","LUX",1971,NA,69.7
"971","LUX",1972,NA,70.9
"972","LUX",1973,NA,70.8
"973","LUX",1974,NA,70.8
"974","LUX",1975,NA,70.8
"975","LUX",1976,NA,70.8
"976","LUX",1977,NA,72.2
"977","LUX",1978,NA,72.1
"978","LUX",1979,NA,72.8
"979","LUX",1980,NA,72.8
"980","LUX",1981,NA,72.6
"981","LUX",1982,NA,72.7
"982","LUX",1983,NA,73.5
"983","LUX",1984,NA,73.3
"984","LUX",1985,NA,73.8
"985","LUX",1986,NA,74.7
"986","LUX",1987,NA,74.3
"987","LUX",1988,NA,75
"988","LUX",1989,NA,74.8
"989","LUX",1990,NA,75.6
"990","LUX",1991,NA,75.7
"991","LUX",1992,NA,75.3
"992","LUX",1993,NA,75.9
"993","LUX",1994,NA,76.6
"994","LUX",1995,2282.8814,76.8
"995","LUX",1996,2394.4814,76.8
"996","LUX",1997,2402.6437,77
"997","LUX",1998,2574.1903,77.3
"998","LUX",1999,2983.2628,77.9
"999","LUX",2000,3466.2675,78
"1000","LUX",2001,3792.6746,77.9
"1001","LUX",2002,4223.3167,78.1
"1002","LUX",2003,4478.8393,77.8
"1003","LUX",2004,5059.9115,79.2
"1004","LUX",2005,5090.3667,79.5
"1005","LUX",2006,5512.8935,79.4
"1006","LUX",2007,5500.6005,79.5
"1007","LUX",2008,5938.8079,80.6
"1008","LUX",2009,6355.5453,80.7
"1009","LUX",2010,6401.8972,80.7
"1010","LUX",2011,6040.591,81.1
"1011","LUX",2012,6423.1651,81.5
"1012","LUX",2013,6629.0284,81.9
"1013","LUX",2014,6682.237,82.3
"1014","LUX",2015,7764.8684,NA
"1015","LVA",1995,316.1527,NA
"1016","LVA",1996,357.0531,NA
"1017","LVA",1997,407.9162,NA
"1018","LVA",1998,443.0138,NA
"1019","LVA",1999,476.6602,NA
"1020","LVA",2000,480.353,NA
"1021","LVA",2001,548.44,NA
"1022","LVA",2002,622.1728,70.1
"1023","LVA",2003,662.9195,70.5
"1024","LVA",2004,780.0993,70.8
"1025","LVA",2005,828.3765,70.6
"1026","LVA",2006,954.2433,70.6
"1027","LVA",2007,1099.1831,70.8
"1028","LVA",2008,1119.7091,72
"1029","LVA",2009,1049.1766,72.6
"1030","LVA",2010,1071.4247,73
"1031","LVA",2011,1086.9471,73.7
"1032","LVA",2012,1148.7918,73.9
"1033","LVA",2013,1219.4164,74.1
"1034","LVA",2014,1295.0128,74.3
"1035","LVA",2015,1369.933,NA
"1036","MEX",1971,NA,62.4
"1037","MEX",1972,NA,63.1
"1038","MEX",1973,NA,63.7
"1039","MEX",1974,NA,64.2
"1040","MEX",1975,NA,64.7
"1041","MEX",1976,NA,65.2
"1042","MEX",1977,NA,65.7
"1043","MEX",1978,NA,66.1
"1044","MEX",1979,NA,66.6
"1045","MEX",1980,NA,67.2
"1046","MEX",1981,NA,67.7
"1047","MEX",1982,NA,68.2
"1048","MEX",1983,NA,68.6
"1049","MEX",1984,NA,69.1
"1050","MEX",1985,NA,69.5
"1051","MEX",1986,NA,69.9
"1052","MEX",1987,NA,70.2
"1053","MEX",1988,NA,70.6
"1054","MEX",1989,NA,70.8
"1055","MEX",1990,285.7207,70.5
"1056","MEX",1991,325.5643,70.9
"1057","MEX",1992,364.261,71.3
"1058","MEX",1993,387.8606,71.7
"1059","MEX",1994,407.6407,72
"1060","MEX",1995,374.6792,72.3
"1061","MEX",1996,359.1931,72.5
"1062","MEX",1997,395.1057,72.8
"1063","MEX",1998,421.4756,73
"1064","MEX",1999,449.0194,73.2
"1065","MEX",2000,484.3868,73.3
"1066","MEX",2001,529.2534,73.5
"1067","MEX",2002,557.88,73.6
"1068","MEX",2003,642.5906,73.8
"1069","MEX",2004,691.8534,73.9
"1070","MEX",2005,730.8158,74
"1071","MEX",2006,771.7252,74.1
"1072","MEX",2007,822.3672,74.2
"1073","MEX",2008,846.8494,74.1
"1074","MEX",2009,889.1632,74
"1075","MEX",2010,911.3509,74.1
"1076","MEX",2011,942.4717,74.2
"1077","MEX",2012,1005.8945,74.4
"1078","MEX",2013,1021.2599,74.6
"1079","MEX",2014,1035.3389,74.8
"1080","MEX",2015,1052.0705,NA
"1081","NLD",1971,NA,73.9
"1082","NLD",1972,281.4789,73.8
"1083","NLD",1973,313.6346,74.2
"1084","NLD",1974,365.8162,74.6
"1085","NLD",1975,419.7165,74.6
"1086","NLD",1976,455.6937,74.7
"1087","NLD",1977,497.4076,75.3
"1088","NLD",1978,551.5421,75.3
"1089","NLD",1979,620.2936,75.7
"1090","NLD",1980,698.4237,75.9
"1091","NLD",1981,762.9227,76
"1092","NLD",1982,823.657,76.1
"1093","NLD",1983,870.5367,76.3
"1094","NLD",1984,888.2889,76.4
"1095","NLD",1985,934.4091,76.5
"1096","NLD",1986,987.2535,76.4
"1097","NLD",1987,1042.1446,76.9
"1098","NLD",1988,1096.7847,77.1
"1099","NLD",1989,1212.3951,76.9
"1100","NLD",1990,1330.9081,77
"1101","NLD",1991,1433.0591,77.2
"1102","NLD",1992,1522.2756,77.4
"1103","NLD",1993,1588.271,77.1
"1104","NLD",1994,1634.1205,77.5
"1105","NLD",1995,1691.0385,77.6
"1106","NLD",1996,1758.7704,77.6
"1107","NLD",1997,1822.439,78
"1108","NLD",1998,1961.6286,78
"1109","NLD",1999,2076.1574,77.9
"1110","NLD",2000,2224.7504,78.2
"1111","NLD",2001,2441.0229,78.3
"1112","NLD",2002,2700.5099,78.4
"1113","NLD",2003,2853.4358,78.7
"1114","NLD",2004,3016.6645,79.2
"1115","NLD",2005,3510.9048,79.5
"1116","NLD",2006,3797.2679,79.9
"1117","NLD",2007,4066.1338,80.3
"1118","NLD",2008,4398.2743,80.5
"1119","NLD",2009,4550.4651,80.8
"1120","NLD",2010,4671.0098,81
"1121","NLD",2011,4862.459,81.3
"1122","NLD",2012,5044.2654,81.2
"1123","NLD",2013,5250.3058,81.4
"1124","NLD",2014,5276.6003,81.8
"1125","NLD",2015,5342.6744,NA
"1126","NOR",1971,156.7782,74.4
"1127","NOR",1972,185.9515,74.6
"1128","NOR",1973,210.1582,74.7
"1129","NOR",1974,236.5434,75.1
"1130","NOR",1975,292.6418,75.1
"1131","NOR",1976,333.3121,75.3
"1132","NOR",1977,382.545,75.7
"1133","NOR",1978,465.2548,75.8
"1134","NOR",1979,478.8375,75.8
"1135","NOR",1980,528.5853,75.9
"1136","NOR",1981,588.4691,76.1
"1137","NOR",1982,647.0286,76.2
"1138","NOR",1983,719.5041,76.3
"1139","NOR",1984,741.4723,76.4
"1140","NOR",1985,805.0504,76.1
"1141","NOR",1986,919.871,76.5
"1142","NOR",1987,993.5674,76.3
"1143","NOR",1988,1042.9272,76.4
"1144","NOR",1989,1060.1685,76.7
"1145","NOR",1990,1291.4821,76.7
"1146","NOR",1991,1422.3816,77.1
"1147","NOR",1992,1528.9346,77.4
"1148","NOR",1993,1574.586,77.3
"1149","NOR",1994,1659.9261,77.9
"1150","NOR",1995,1750.8758,77.9
"1151","NOR",1996,1910.4081,78.3
"1152","NOR",1997,2204.6489,78.3
"1153","NOR",1998,2354.4211,78.5
"1154","NOR",1999,2565.0829,78.4
"1155","NOR",2000,2836.1297,78.8
"1156","NOR",2001,3030.9077,78.9
"1157","NOR",2002,3398.0379,79
"1158","NOR",2003,3595.0564,79.6
"1159","NOR",2004,3811.3917,80.1
"1160","NOR",2005,4029.4379,80.3
"1161","NOR",2006,4329.4071,80.6
"1162","NOR",2007,4578.0888,80.6
"1163","NOR",2008,4973.2861,80.8
"1164","NOR",2009,5094.2532,81
"1165","NOR",2010,5240.4165,81.2
"1166","NOR",2011,5515.1289,81.4
"1167","NOR",2012,5738.4827,81.5
"1168","NOR",2013,5966.6373,81.8
"1169","NOR",2014,6080.998,82.2
"1170","NOR",2015,6567.0315,NA
"1171","NZL",1971,214.7995,71.6
"1172","NZL",1972,235.2392,71.7
"1173","NZL",1973,265.7134,71.8
"1174","NZL",1974,333.7933,72
"1175","NZL",1975,402.8334,72.1
"1176","NZL",1976,391.3625,72.3
"1177","NZL",1977,404.3243,72.5
"1178","NZL",1978,482.4218,72.7
"1179","NZL",1979,480.5465,72.9
"1180","NZL",1980,482.2414,73.2
"1181","NZL",1981,534.0187,73.4
"1182","NZL",1982,595.1715,73.6
"1183","NZL",1983,624.2208,73.7
"1184","NZL",1984,647.7618,73.8
"1185","NZL",1985,611.4766,74
"1186","NZL",1986,660.9666,74.1
"1187","NZL",1987,741.3847,74.5
"1188","NZL",1988,836.1422,74.8
"1189","NZL",1989,894.4636,75.2
"1190","NZL",1990,972.917,75.5
"1191","NZL",1991,1033.6659,75.8
"1192","NZL",1992,1077.7332,76.1
"1193","NZL",1993,1105.3212,76.3
"1194","NZL",1994,1185.3952,76.6
"1195","NZL",1995,1243.0449,76.8
"1196","NZL",1996,1272.288,77.1
"1197","NZL",1997,1358.0977,77.4
"1198","NZL",1998,1451.6511,77.7
"1199","NZL",1999,1522.3195,78.1
"1200","NZL",2000,1607.0072,78.4
"1201","NZL",2001,1705.2852,78.7
"1202","NZL",2002,1841.3031,79
"1203","NZL",2003,1849.9565,79.3
"1204","NZL",2004,1981.8474,79.6
"1205","NZL",2005,2124.3824,79.8
"1206","NZL",2006,2394.4802,80.1
"1207","NZL",2007,2444.5154,80.3
"1208","NZL",2008,2729.96,80.5
"1209","NZL",2009,2970.2107,80.7
"1210","NZL",2010,3020.3961,80.8
"1211","NZL",2011,3130.8058,81
"1212","NZL",2012,3199.4632,81.2
"1213","NZL",2013,3486.433,81.4
"1214","NZL",2014,3537.2568,81.6
"1215","NZL",2015,3590.1685,NA
"1216","POL",1971,NA,69.7
"1217","POL",1972,NA,70.7
"1218","POL",1973,NA,70.7
"1219","POL",1974,NA,71.2
"1220","POL",1975,NA,70.6
"1221","POL",1976,NA,70.7
"1222","POL",1977,NA,70.5
"1223","POL",1978,NA,70.4
"1224","POL",1979,NA,70.9
"1225","POL",1980,NA,70.2
"1226","POL",1981,NA,71.2
"1227","POL",1982,NA,71.2
"1228","POL",1983,NA,71.1
"1229","POL",1984,NA,70.9
"1230","POL",1985,NA,71.1
"1231","POL",1986,NA,71
"1232","POL",1987,NA,71.5
"1233","POL",1988,NA,71.5
"1234","POL",1989,NA,71.2
"1235","POL",1990,264.8838,70.8
"1236","POL",1991,280.6377,70.5
"1237","POL",1992,307.2336,71.1
"1238","POL",1993,331.9318,71.6
"1239","POL",1994,348.0157,71.8
"1240","POL",1995,373.2969,72.1
"1241","POL",1996,430.5564,72.4
"1242","POL",1997,453.8275,72.8
"1243","POL",1998,475.168,73.2
"1244","POL",1999,547.0443,73.2
"1245","POL",2000,562.0242,73.8
"1246","POL",2001,622.7935,74.2
"1247","POL",2002,704.7175,74.6
"1248","POL",2003,718.1629,74.7
"1249","POL",2004,770.5865,74.9
"1250","POL",2005,806.3174,75.1
"1251","POL",2006,882.2359,75.3
"1252","POL",2007,992.6475,75.4
"1253","POL",2008,1158.0342,75.7
"1254","POL",2009,1270.2808,75.9
"1255","POL",2010,1340.7184,76.5
"1256","POL",2011,1404.1005,76.8
"1257","POL",2012,1463.748,76.9
"1258","POL",2013,1580.371,77.1
"1259","POL",2014,1624.8655,77.7
"1260","POL",2015,1676.6774,NA
"1261","PRT",1971,54.6689,66.4
"1262","PRT",1972,76.1216,68.4
"1263","PRT",1973,96.4832,67.5
"1264","PRT",1974,112.1765,68.1
"1265","PRT",1975,154.4927,68.4
"1266","PRT",1976,163.886,69
"1267","PRT",1977,162.3001,70.1
"1268","PRT",1978,182.1873,70.5
"1269","PRT",1979,200.3286,71.3
"1270","PRT",1980,264.2319,71.4
"1271","PRT",1981,305.3306,71.7
"1272","PRT",1982,333.1386,72.5
"1273","PRT",1983,326.4657,72.4
"1274","PRT",1984,339.0358,72.7
"1275","PRT",1985,389.0126,73
"1276","PRT",1986,456.3351,73.4
"1277","PRT",1987,484.2448,73.8
"1278","PRT",1988,561.7408,73.8
"1279","PRT",1989,573.3407,74.4
"1280","PRT",1990,616.9194,74.1
"1281","PRT",1991,730.1072,74.1
"1282","PRT",1992,773.8947,74.7
"1283","PRT",1993,808.5116,74.6
"1284","PRT",1994,828.1529,75.5
"1285","PRT",1995,984.1816,75.4
"1286","PRT",1996,1056.8077,75.3
"1287","PRT",1997,1115.4084,75.8
"1288","PRT",1998,1166.5307,76
"1289","PRT",1999,1280.6509,76.3
"1290","PRT",2000,1494.6821,76.9
"1291","PRT",2001,1562.2151,77.2
"1292","PRT",2002,1654.4182,77.4
"1293","PRT",2003,1764.6203,77.5
"1294","PRT",2004,1886.7594,78.4
"1295","PRT",2005,2082.2039,78.2
"1296","PRT",2006,2181.0053,79
"1297","PRT",2007,2286.5402,79.2
"1298","PRT",2008,2440.611,79.5
"1299","PRT",2009,2589.1595,79.7
"1300","PRT",2010,2645.6631,80
"1301","PRT",2011,2566.9707,80.6
"1302","PRT",2012,2535.7284,80.5
"1303","PRT",2013,2538.7046,80.8
"1304","PRT",2014,2583.8438,81.2
"1305","PRT",2015,2631.3498,NA
"1306","SVK",1971,NA,70
"1307","SVK",1972,NA,70.5
"1308","SVK",1973,NA,70.1
"1309","SVK",1974,NA,70.3
"1310","SVK",1975,NA,70.5
"1311","SVK",1976,NA,70.6
"1312","SVK",1977,NA,70.6
"1313","SVK",1978,NA,70.6
"1314","SVK",1979,NA,70.9
"1315","SVK",1980,NA,70.6
"1316","SVK",1981,NA,70.9
"1317","SVK",1982,NA,71
"1318","SVK",1983,NA,70.7
"1319","SVK",1984,NA,71
"1320","SVK",1985,NA,71
"1321","SVK",1986,NA,71.2
"1322","SVK",1987,NA,71.4
"1323","SVK",1988,NA,71.5
"1324","SVK",1989,NA,71.3
"1325","SVK",1990,NA,71.2
"1326","SVK",1991,NA,71.2
"1327","SVK",1992,NA,71.6
"1328","SVK",1993,NA,72.1
"1329","SVK",1994,NA,72.5
"1330","SVK",1995,NA,72.5
"1331","SVK",1996,NA,72.9
"1332","SVK",1997,562.9105,72.9
"1333","SVK",1998,583.252,72.8
"1334","SVK",1999,585.457,73.2
"1335","SVK",2000,592.8044,73.4
"1336","SVK",2001,653.456,73.6
"1337","SVK",2002,724.7334,73.8
"1338","SVK",2003,759.0556,73.8
"1339","SVK",2004,971.2235,74.2
"1340","SVK",2005,1093.9081,74.2
"1341","SVK",2006,1294.5212,74.4
"1342","SVK",2007,1545.5981,74.5
"1343","SVK",2008,1665.2449,75
"1344","SVK",2009,1849.6847,75.3
"1345","SVK",2010,1917.8972,75.6
"1346","SVK",2011,1871.8732,76.1
"1347","SVK",2012,1999.5644,76.2
"1348","SVK",2013,2073.0478,76.5
"1349","SVK",2014,1970.523,76.9
"1350","SVK",2015,2063.7541,NA
"1351","SVN",1982,NA,71.2
"1352","SVN",1983,NA,71
"1353","SVN",1984,NA,71.4
"1354","SVN",1985,NA,71.9
"1355","SVN",1986,NA,72.4
"1356","SVN",1987,NA,72.4
"1357","SVN",1988,NA,73
"1358","SVN",1989,NA,73.4
"1359","SVN",1990,NA,73.8
"1360","SVN",1991,NA,73.5
"1361","SVN",1992,NA,73.6
"1362","SVN",1993,NA,73.5
"1363","SVN",1994,NA,74
"1364","SVN",1995,970.6971,74.7
"1365","SVN",1996,1055.5687,75.1
"1366","SVN",1997,1149.7902,75.1
"1367","SVN",1998,1224.4156,75.3
"1368","SVN",1999,1303.4448,75.7
"1369","SVN",2000,1451.1511,76.1
"1370","SVN",2001,1581.6287,76.4
"1371","SVN",2002,1609.4541,76.6
"1372","SVN",2003,1692.7708,76.4
"1373","SVN",2004,1798.5475,77.2
"1374","SVN",2005,1902.6718,77.4
"1375","SVN",2006,2018.3504,78.3
"1376","SVN",2007,2074.3104,78.3
"1377","SVN",2008,2323.2728,79.1
"1378","SVN",2009,2355.0227,79.3
"1379","SVN",2010,2363.6692,79.8
"1380","SVN",2011,2435.0835,80.1
"1381","SVN",2012,2486.6141,80.2
"1382","SVN",2013,2548.6819,80.4
"1383","SVN",2014,2598.9066,81.2
"1384","SVN",2015,2643.8457,NA
"1385","SWE",1971,302.6247,74.8
"1386","SWE",1972,327.5264,74.8
"1387","SWE",1973,356.8408,75
"1388","SWE",1974,416.1785,75.1
"1389","SWE",1975,485.6318,75.2
"1390","SWE",1976,538.2929,75.1
"1391","SWE",1977,622.7401,75.6
"1392","SWE",1978,680.4523,75.7
"1393","SWE",1979,752.2703,75.7
"1394","SWE",1980,866.5531,75.9
"1395","SWE",1981,963.2356,76.2
"1396","SWE",1982,1046.4884,76.5
"1397","SWE",1983,1095.6925,76.7
"1398","SWE",1984,1152.9266,77
"1399","SWE",1985,1151.9123,76.8
"1400","SWE",1986,1166.1314,77.1
"1401","SWE",1987,1245.4541,77.3
"1402","SWE",1988,1300.728,77.1
"1403","SWE",1989,1389.4044,77.8
"1404","SWE",1990,1456.7809,77.7
"1405","SWE",1991,1475.3174,77.9
"1406","SWE",1992,1541.0065,78.2
"1407","SWE",1993,1585.7975,78.2
"1408","SWE",1994,1588.781,78.9
"1409","SWE",1995,1659.0003,79
"1410","SWE",1996,1768.8161,79.2
"1411","SWE",1997,1793.1756,79.4
"1412","SWE",1998,1891.2871,79.5
"1413","SWE",1999,2015.6244,79.6
"1414","SWE",2000,2177.5321,79.7
"1415","SWE",2001,2395.6745,79.9
"1416","SWE",2002,2574.7376,79.9
"1417","SWE",2003,2713.9253,80.3
"1418","SWE",2004,2830.3305,80.6
"1419","SWE",2005,2841.8221,80.7
"1420","SWE",2006,3066.2039,81
"1421","SWE",2007,3274.849,81.1
"1422","SWE",2008,3481.5901,81.3
"1423","SWE",2009,3547.1337,81.5
"1424","SWE",2010,3543.5822,81.6
"1425","SWE",2011,4667.6964,81.9
"1426","SWE",2012,4860.2524,81.8
"1427","SWE",2013,5003.1323,82
"1428","SWE",2014,5065.1613,82.3
"1429","SWE",2015,5227.8349,NA
"1430","TUR",1971,NA,54.6
"1431","TUR",1972,NA,55
"1432","TUR",1973,NA,55.4
"1433","TUR",1974,NA,55.7
"1434","TUR",1975,45.5623,56.1
"1435","TUR",1976,40.9581,56.5
"1436","TUR",1977,51.5739,56.9
"1437","TUR",1978,61.9462,57.3
"1438","TUR",1979,64.6638,57.7
"1439","TUR",1980,69.4238,58.1
"1440","TUR",1981,85.3679,58.5
"1441","TUR",1982,76.3853,58.9
"1442","TUR",1983,83.6714,59.7
"1443","TUR",1984,86.4412,60.9
"1444","TUR",1985,64.0561,62.1
"1445","TUR",1986,84.4765,63.2
"1446","TUR",1987,95.7156,64.4
"1447","TUR",1988,108.3045,65.2
"1448","TUR",1989,120.8851,65.7
"1449","TUR",1990,144.1129,67.5
"1450","TUR",1991,167.3948,67.8
"1451","TUR",1992,175.4861,68.2
"1452","TUR",1993,186.8433,68.5
"1453","TUR",1994,172.3677,68.9
"1454","TUR",1995,172.7806,69.3
"1455","TUR",1996,214.7436,69.7
"1456","TUR",1997,249.5353,70.1
"1457","TUR",1998,294.7179,70.3
"1458","TUR",1999,357.0304,70.7
"1459","TUR",2000,423.9505,71.1
"1460","TUR",2001,433.5375,71.5
"1461","TUR",2002,453.351,71.9
"1462","TUR",2003,459.0445,72.3
"1463","TUR",2004,521.3,72.7
"1464","TUR",2005,585.6594,73.1
"1465","TUR",2006,697.3519,73.4
"1466","TUR",2007,766.8245,73.7
"1467","TUR",2008,827.3149,73.9
"1468","TUR",2009,841.2871,74.1
"1469","TUR",2010,852.6704,74.3
"1470","TUR",2011,887.9525,74.6
"1471","TUR",2012,911.293,74.6
"1472","TUR",2013,969.3608,78
"1473","TUR",2014,990.1908,78
"1474","TUR",2015,1063.5506,NA
"1475","USA",1971,357.983,71.2
"1476","USA",1972,397.1014,71.3
"1477","USA",1973,439.3022,71.5
"1478","USA",1974,495.123,72.1
"1479","USA",1975,560.7455,72.7
"1480","USA",1976,638.8557,73
"1481","USA",1977,726.2369,73.4
"1482","USA",1978,808.8881,73.5
"1483","USA",1979,908.9625,73.9
"1484","USA",1980,1036.3091,73.7
"1485","USA",1981,1191.5418,74.1
"1486","USA",1982,1329.6731,74.5
"1487","USA",1983,1451.9445,74.6
"1488","USA",1984,1590.6675,74.7
"1489","USA",1985,1735.1606,74.7
"1490","USA",1986,1847.7769,74.7
"1491","USA",1987,1990.545,74.9
"1492","USA",1988,2210.6963,74.9
"1493","USA",1989,2440.0611,75.1
"1494","USA",1990,2700.3541,75.3
"1495","USA",1991,2915.9548,75.5
"1496","USA",1992,3113.8468,75.7
"1497","USA",1993,3299.9756,75.5
"1498","USA",1994,3441.9579,75.7
"1499","USA",1995,3598.3956,75.7
"1500","USA",1996,3747.6148,76.1
"1501","USA",1997,3906.5102,76.5
"1502","USA",1998,4084.8368,76.7
"1503","USA",1999,4291.5721,76.7
"1504","USA",2000,4558.9524,76.7
"1505","USA",2001,4910.6156,76.8
"1506","USA",2002,5327.8052,76.9
"1507","USA",2003,5737.4608,77.1
"1508","USA",2004,6096.5355,77.4
"1509","USA",2005,6445.7053,77.4
"1510","USA",2006,6809.4762,77.7
"1511","USA",2007,7163.1718,77.9
"1512","USA",2008,7414.0435,78.1
"1513","USA",2009,7684.7611,78.5
"1514","USA",2010,7929.372,78.6
"1515","USA",2011,8171.0784,78.7
"1516","USA",2012,8422.99,78.8
"1517","USA",2013,8617.4287,78.8
"1518","USA",2014,9024.2064,78.8
"1519","USA",2015,9451.3423,NA
